{"cameraMode":{"drawMode":0,"name":"Shaded","section":"Shading Mode"},"sceneLighting":true,"audioPlay":false,"sceneViewState":{"showFog":false,"showMaterialUpdate":false,"showSkybox":true,"showFlares":false,"showImageEffects":false,"showParticleSystems":false},"in2DMode":false,"pivot":{"x":8.537353515625,"y":1.80224609375,"z":4.013671875},"rotation":{"x":0.13647499680519105,"y":-0.12447605282068253,"z":0.017283989116549493,"w":0.9826653003692627},"size":8.637027740478516,"orthographic":true}